plate_name,plate_image,file_name
Better the Farm,https://dojmt.gov/wp-content/uploads/Better-the-Farm-Thumbnail.jpg,imgs/better_the_farm.jpg
Department of Livestock – Livestock Loss Board,https://dojmt.gov/wp-content/uploads/plateLivestockLossBoardThumb.jpg,imgs/department_of_livestock_livestock_loss_board.jpg
Montana Agricultural Heritage Foundation,https://dojmt.gov/wp-content/uploads/montana-ag-thumb.jpg,imgs/montana_agricultural_heritage_foundation.jpg
Montana Farm Bureau Foundation,https://dojmt.gov/wp-content/uploads/platemontanafarmbureauThumb.jpg,imgs/montana_farm_bureau_foundation.jpg
Montana Grains Foundation,https://dojmt.gov/wp-content/uploads/plateMontanaGrainGrowersAssociationThumb.jpg,imgs/montana_grains_foundation.jpg
The Montana Land Reliance,https://dojmt.gov/wp-content/uploads/The-Montana-Land-Reliance-Cropped-Thumbnail.jpg,imgs/the_montana_land_reliance.jpg
"Montana Stockgrowers Association – Research, Education Endowment Foundation",https://dojmt.gov/wp-content/uploads/Reef-Montana-Stockgrowers-Full.jpg,imgs/montana_stockgrowers_association_research_education_endowment_foundation.jpg
Montana Timber Legacy Foundation,https://dojmt.gov/wp-content/uploads/platemontanaloggingassociationThumb.jpg,imgs/montana_timber_legacy_foundation.jpg
Montana Weed Control Association,https://dojmt.gov/wp-content/uploads/platemontanaweedcontrolassociationThumb.jpg,imgs/montana_weed_control_association.jpg
Original Montana,https://dojmt.gov/wp-content/uploads/plate-noimage-thumbs.jpg,imgs/original_montana.jpg
Pioneer,https://dojmt.gov/wp-content/uploads/pioneer-montanaThumb.jpg,imgs/pioneer.jpg
Vintage,https://dojmt.gov/wp-content/uploads/platevintageThumb.jpg,imgs/vintage.jpg
Eureka Montana Quilt Show,https://dojmt.gov/wp-content/uploads/plateeurekamontanaquiltshowThumb.jpg,imgs/eureka_montana_quilt_show.jpg
International Choral Festival,https://dojmt.gov/wp-content/uploads/International-Choral-Festival-Cropped-Thumbnail.jpg,imgs/international_choral_festival.jpg
Montana Association of Symphony Orchestras,https://dojmt.gov/wp-content/uploads/platemontanasymphonyThumb.jpg,imgs/montana_association_of_symphony_orchestras.jpg
Carroll College,https://dojmt.gov/wp-content/uploads/platecarrolcollegeThumb.jpg,imgs/carroll_college.jpg
Dawson Community College,https://dojmt.gov/wp-content/uploads/Dawson-Community-College-Cropped-Thumbnail.jpg,imgs/dawson_community_college.jpg
Flathead Valley Community College,https://dojmt.gov/wp-content/uploads/Flatheadvalleycommcollege-Cropped-Thumbnail.jpg,imgs/flathead_valley_community_college.jpg
Fort Belknap College,https://dojmt.gov/wp-content/uploads/platefortbelknapThumb.jpg,imgs/fort_belknap_college.jpg
Great Falls College Montana State University,https://dojmt.gov/wp-content/uploads/plategreatfallscollegemsusmall-thumb1.jpg,imgs/great_falls_college_montana_state_university.jpg
Helena College,https://dojmt.gov/wp-content/uploads/Helena-College-Thumbnail-v3.jpg,imgs/helena_college.jpg
Miles Community College,https://dojmt.gov/wp-content/uploads/platemilescitycommunitycollegeThumb.jpg,imgs/miles_community_college.jpg
Montana State University Billings,https://dojmt.gov/wp-content/uploads/MSU-Billings-2023-Redesign-thumbnail.jpg,imgs/montana_state_university_billings.jpg
Montana State University Bobcat Club,https://dojmt.gov/wp-content/uploads/Bobcat-Club-Thumbnail-v4.jpg,imgs/montana_state_university_bobcat_club.jpg
Montana State University – Go Cats,https://dojmt.gov/wp-content/uploads/platemsugocatsThumb.jpg,imgs/montana_state_university_go_cats.jpg
Montana State University – Mountains & Minds,https://dojmt.gov/wp-content/uploads/platemsumountainsmindsThumb.jpg,imgs/montana_state_university_mountains_minds.jpg
Montana State University – Northern,https://dojmt.gov/wp-content/uploads/platemsunorthern-thumbs.jpg,imgs/montana_state_university_northern.jpg
Montana Tech,https://dojmt.gov/wp-content/uploads/Montana-Tech-Thumbnail.jpg,imgs/montana_tech.jpg
Rocky Mountain College,https://dojmt.gov/wp-content/uploads/RMC-Thumbnail-v2.jpg,imgs/rocky_mountain_college.jpg
Salish Kootenai College,https://dojmt.gov/wp-content/uploads/platesalishkootenaiThumb.jpg,imgs/salish_kootenai_college.jpg
University of Montana – Clock Tower,https://dojmt.gov/wp-content/uploads/PlateUofMClockTowerJuly2014Thumb.jpg,imgs/university_of_montana_clock_tower.jpg
University of Montana – Griz,https://dojmt.gov/wp-content/uploads/PlateUofMGrizJuly2014Thumb.jpg,imgs/university_of_montana_griz.jpg
University of Montana – Grizzly Scholarship Association,https://dojmt.gov/wp-content/uploads/plategrizzlyscholarshipassociationThumb1.jpg,imgs/university_of_montana_grizzly_scholarship_association.jpg
University of Montana Western Foundation,https://dojmt.gov/wp-content/uploads/University-of-Montana-Western-Cropped-Thumbnail-1.jpg,imgs/university_of_montana_western_foundation.jpg
University of Providence,https://dojmt.gov/wp-content/uploads/University-of-Providence-Cropped-Thumbnail.jpg,imgs/university_of_providence.jpg
Big Sky Ski Education Foundation,https://dojmt.gov/wp-content/uploads/PlateBigSkySkiEdFoundation-1.jpg,imgs/big_sky_ski_education_foundation.jpg
Billings Christian School Education Foundation,https://dojmt.gov/wp-content/uploads/billings-christian-school-education-foundation-Cropped-Thumbnail.jpg,imgs/billings_christian_school_education_foundation.jpg
Glasgow Scotty Booster Club,https://dojmt.gov/wp-content/uploads/Glasgow-Scotty-Booster-Club-Full.jpg,imgs/glasgow_scotty_booster_club.jpg
Montana Beyond the Classroom,https://dojmt.gov/wp-content/uploads/montana-beyond-the-classroom-Cropped-Thumbnail.jpg,imgs/montana_beyond_the_classroom.jpg
Montana Home and Private Schools,https://dojmt.gov/wp-content/uploads/montana-home-and-private-schools-Cropped-Thumbnail.jpg,imgs/montana_home_and_private_schools.jpg
Blackfeet Tribe,https://dojmt.gov/wp-content/uploads/blackfeet-tribe-thumbs.jpg,imgs/blackfeet_tribe.jpg
Billings City Council,https://dojmt.gov/wp-content/uploads/platebillingscitycouncilThumb.jpg,imgs/billings_city_council.jpg
Butte Silver Bow Government,https://dojmt.gov/wp-content/uploads/platebuttesilverbowgovernmentThumb.jpg,imgs/butte_silver_bow_government.jpg
Community Foundation for a Better Bigfork,https://dojmt.gov/wp-content/uploads/platebigforkdevelopmentcompanyThumb.jpg,imgs/community_foundation_for_a_better_bigfork.jpg
Flathead Lake Protection Association,https://dojmt.gov/wp-content/uploads/plateflatheadlakeprotectionassociationThumb.jpg,imgs/flathead_lake_protection_association.jpg
Fort Belknap Indian Community,https://dojmt.gov/wp-content/uploads/Fort-Belknap-Thumbnail.jpg,imgs/fort_belknap_indian_community.jpg
Manhattan Town Council,https://dojmt.gov/wp-content/uploads/Manhattan-Town-Council-Cropped-Thumbnail.jpg,imgs/manhattan_town_council.jpg
"Milestown Community Improvement, Inc.",https://dojmt.gov/wp-content/uploads/PlateMilestownThumb.jpg,imgs/milestown_community_improvement_inc.jpg
Missoula Downtown Foundation,https://dojmt.gov/wp-content/uploads/missouladowntown-Cropped-Thumbnail.jpg,imgs/missoula_downtown_foundation.jpg
Montana Veterans Affairs Division,https://dojmt.gov/wp-content/uploads/platemontanaveteransaffairsdivisionThumb.jpg,imgs/montana_veterans_affairs_division.jpg
Montana Veterans Alliance,https://dojmt.gov/wp-content/uploads/montana-veterans-alliance-thumb.jpg,imgs/montana_veterans_alliance.jpg
Northern Cheyenne Tribe,https://dojmt.gov/wp-content/uploads/plateNorthernCheyenneTribeThumb.jpg,imgs/northern_cheyenne_tribe.jpg
Air Force Active Duty,https://dojmt.gov/wp-content/uploads/Air-Force-thumb.jpg,imgs/air_force_active_duty.jpg
Air Force Reserve,https://dojmt.gov/wp-content/uploads/plateAirForceReserveThumb.jpg,imgs/air_force_reserve.jpg
Air Force Veteran,https://dojmt.gov/wp-content/uploads/plateAirForceVeteranThumb.jpg,imgs/air_force_veteran.jpg
Army Active Duty,https://dojmt.gov/wp-content/uploads/Army-thumb.jpg,imgs/army_active_duty.jpg
Army Reserve,https://dojmt.gov/wp-content/uploads/platearmyreserveThumb.jpg,imgs/army_reserve.jpg
Army Veteran,https://dojmt.gov/wp-content/uploads/platearmyveteranThumb.jpg,imgs/army_veteran.jpg
Coast Guard Active Duty,https://dojmt.gov/wp-content/uploads/Coast-Guard-thumb.jpg,imgs/coast_guard_active_duty.jpg
Coast Guard Veteran,https://dojmt.gov/wp-content/uploads/platecoastguardveteranThumb.jpg,imgs/coast_guard_veteran.jpg
Disabled Veteran,https://dojmt.gov/wp-content/uploads/platedisabledveteranThumb.jpg,imgs/disabled_veteran.jpg
Ex-Prisoner of War,https://dojmt.gov/wp-content/uploads/plateex-prisonerofwarThumb.jpg,imgs/ex_prisoner_of_war.jpg
Gold Star Family,https://dojmt.gov/wp-content/uploads/plategoldstarfamilyThumb.jpg,imgs/gold_star_family.jpg
Legion of Valor,https://dojmt.gov/wp-content/uploads/plateLegionOfValorThumb.jpg,imgs/legion_of_valor.jpg
Marine Corps Active Duty,https://dojmt.gov/wp-content/uploads/Marines-thumb.jpg,imgs/marine_corps_active_duty.jpg
Marine Corps Reserve,https://dojmt.gov/wp-content/uploads/platemarinecorpsreserveThumb.jpg,imgs/marine_corps_reserve.jpg
Marine Corps Veteran,https://dojmt.gov/wp-content/uploads/platemarinecorpsveteranThumb.jpg,imgs/marine_corps_veteran.jpg
National Guard,https://dojmt.gov/wp-content/uploads/platenationalguardThumb.jpg,imgs/national_guard.jpg
National Guard Retired,https://dojmt.gov/wp-content/uploads/platenationalguardRetiredThumb.jpg,imgs/national_guard_retired.jpg
Navy Active Duty,https://dojmt.gov/wp-content/uploads/Navy-thumb.jpg,imgs/navy_active_duty.jpg
Navy Reserve,https://dojmt.gov/wp-content/uploads/platenavyreserveThumb.jpg,imgs/navy_reserve.jpg
Navy Veteran,https://dojmt.gov/wp-content/uploads/plateNavyVeteranThumb.jpg,imgs/navy_veteran.jpg
Next of Kin of Deceased Personnel,https://dojmt.gov/wp-content/uploads/PlateNextOfKin_ND10Thumb.jpg,imgs/next_of_kin_of_deceased_personnel.jpg
Pearl Harbor Survivor,https://dojmt.gov/wp-content/uploads/platepearlharborsurvivorThumb.jpg,imgs/pearl_harbor_survivor.jpg
Purple Heart Disabled Veteran,https://dojmt.gov/wp-content/uploads/platePurpleHeartDisabledVeteranThumb.jpg,imgs/purple_heart_disabled_veteran.jpg
Purple Heart Veteran,https://dojmt.gov/wp-content/uploads/platepurpleheartveteranThumb.jpg,imgs/purple_heart_veteran.jpg
Custer Battlefield Museum,https://dojmt.gov/wp-content/uploads/platecusterbattlefieldmuseumThumb.jpg,imgs/custer_battlefield_museum.jpg
Elizabeth Custer Library and Museum,https://dojmt.gov/wp-content/uploads/plateElizabethCusterLibraryAndMuseumThumb.jpg,imgs/elizabeth_custer_library_and_museum.jpg
Fossil Rims,https://dojmt.gov/wp-content/uploads/Fossil-Rims-Thumbnail-v2.jpg,imgs/fossil_rims.jpg
"Garnet Preservation Association, Inc.",https://dojmt.gov/wp-content/uploads/plategarnetpreservationassociationsmall-thumb1.jpg,imgs/garnet_preservation_association_inc.jpg
Lewis & Clark Bicentennial,https://dojmt.gov/wp-content/uploads/platelewisclarkbicentennialThumb.jpg,imgs/lewis_clark_bicentennial.jpg
Missoula Butterfly House and Insectarium,https://dojmt.gov/wp-content/uploads/missoula-butterfly-house-Cropped-Thumbnail.jpg,imgs/missoula_butterfly_house_and_insectarium.jpg
Montana Centennial,https://dojmt.gov/wp-content/uploads/plate-reissued1989Thumb.jpg,imgs/montana_centennial.jpg
Montana Cowboy Hall of Fame,https://dojmt.gov/wp-content/uploads/platewolfpointhistoricaldevelopmentThumb.jpg,imgs/montana_cowboy_hall_of_fame.jpg
Montana Natural History Center,https://dojmt.gov/wp-content/uploads/plateMTNaturalHistoryCenterThumb.jpg,imgs/montana_natural_history_center.jpg
Museum of the Rockies,https://dojmt.gov/wp-content/uploads/platemuseumrockiesThumb.jpg,imgs/museum_of_the_rockies.jpg
Amateur Radio Operator,https://dojmt.gov/wp-content/uploads/plateamateurradiooperatorThumb.jpg,imgs/amateur_radio_operator.jpg
Physical Disability,https://dojmt.gov/wp-content/uploads/platePhysicalDisabilityThumb.jpg,imgs/physical_disability.jpg
Special Mobile Decal,https://dojmt.gov/wp-content/uploads/platespecialmobileThumb.jpg,imgs/special_mobile_decal.jpg
Absaroka Beartooth Wilderness Foundation,https://dojmt.gov/wp-content/uploads/ABWF-Cropped-Thumbnail.jpg,imgs/absaroka_beartooth_wilderness_foundation.jpg
Alliance for the Wild Rockies,https://dojmt.gov/wp-content/uploads/Alliance-for-the-Wild-Rockies-Cropped-Thumbnail.jpg,imgs/alliance_for_the_wild_rockies.jpg
Alternative Energy Resources Organization (AERO),https://dojmt.gov/wp-content/uploads/platealternativeenergyThumb.jpg,imgs/alternative_energy_resources_organization_aero.jpg
American Rivers Inc.,https://dojmt.gov/wp-content/uploads/American-Rivers-IncThumb.jpg,imgs/american_rivers_inc.jpg
Big Horn River Alliance,https://dojmt.gov/wp-content/uploads/Bighorn-River-Alliance-Cropped-Thumbnail.jpg,imgs/big_horn_river_alliance.jpg
Blackfoot Challenge Inc.,https://dojmt.gov/wp-content/uploads/Blackfoot-Challenge-Inc-Cropped-Thumbnail.jpg,imgs/blackfoot_challenge_inc.jpg
Biomimicry Institute,https://dojmt.gov/wp-content/uploads/PlateBiomimicrysmallThumb.jpg,imgs/biomimicry_institute.jpg
Bob Marshall Foundation,https://dojmt.gov/wp-content/uploads/platebobmarshallfoundationThumb.jpg,imgs/bob_marshall_foundation.jpg
City of Missoula Parks & Recreation Department,https://dojmt.gov/wp-content/uploads/PlateMissoulaParksRecThumb.jpg,imgs/city_of_missoula_parks_recreation_department.jpg
Clark Fork Coalition,https://dojmt.gov/wp-content/uploads/plateclarkforkcoalitionThumb.jpg,imgs/clark_fork_coalition.jpg
Five Valleys Land Trust,https://dojmt.gov/wp-content/uploads/platefivevalleyslandtrustThumb.jpg,imgs/five_valleys_land_trust.jpg
Gallatin County Open Lands Board,https://dojmt.gov/wp-content/uploads/plategallatincountyopenThumb.jpg,imgs/gallatin_county_open_lands_board.jpg
Gallatin River Task Force,https://dojmt.gov/wp-content/uploads/Gallatin-River-Task-Force-Cropped-Thumbnail.jpg,imgs/gallatin_river_task_force.jpg
Gallatin Valley Land Trust,https://dojmt.gov/wp-content/uploads/Gallatin-Valley-Land-Trust-Cropped-Thumbnail.jpg,imgs/gallatin_valley_land_trust.jpg
Glacier Institute,https://dojmt.gov/wp-content/uploads/Glacier_Institute-Thumbnail-Final.jpg,imgs/glacier_institute.jpg
Glacier National Park – GNP Conservancy,https://dojmt.gov/wp-content/uploads/GNP-Thumbnail-v3.jpg,imgs/glacier_national_park_gnp_conservancy.jpg
Greater Yellowstone Coalition,https://dojmt.gov/wp-content/uploads/greater-yellowstone-coalition-thumbs.jpg,imgs/greater_yellowstone_coalition.jpg
Montana Environmental Information Center (MEIC),https://dojmt.gov/wp-content/uploads/MEIC-Cropped-Thumbnail.jpg,imgs/montana_environmental_information_center_meic.jpg
Montana State Parks Foundation Inc.,https://dojmt.gov/wp-content/uploads/mfwpPlateThumb.jpg,imgs/montana_state_parks_foundation_inc.jpg
Montana Wilderness Association DBA Wild Montana,https://dojmt.gov/wp-content/uploads/platemontanawildernessassociationThumb.jpg,imgs/montana_wilderness_association_dba_wild_montana.jpg
Native Ecosystems Council,https://dojmt.gov/wp-content/uploads/NEC-Thumbnail-final.jpg,imgs/native_ecosystems_council.jpg
The Nature Conservancy,https://dojmt.gov/wp-content/uploads/Nature-Conservancy-Cropped-Thumbnail.jpg,imgs/the_nature_conservancy.jpg
"Our Montana, Inc.",https://dojmt.gov/wp-content/uploads/Our-Montana-2022-Thumbnail.jpg,imgs/our_montana_inc.jpg
Prickly Pear Land Trust,https://dojmt.gov/wp-content/uploads/platepricklypearlandtrustThumb.jpg,imgs/prickly_pear_land_trust.jpg
Public Land Water Access Association,https://dojmt.gov/wp-content/uploads/public-lands-thumb.jpg,imgs/public_land_water_access_association.jpg
"Recycle Montana, Inc.",https://dojmt.gov/wp-content/uploads/Recycle-MTThumb.jpg,imgs/recycle_montana_inc.jpg
Two Percent for Conservation,https://dojmt.gov/wp-content/uploads/Two-Percent-Conservation-Cropped-Thumbnail.jpg,imgs/two_percent_for_conservation.jpg
Western Sustainability Exchange,https://dojmt.gov/wp-content/uploads/platecorporationnorthernrockiesThumb.jpg,imgs/western_sustainability_exchange.jpg
Yaak Valley Forest Council,https://dojmt.gov/wp-content/uploads/Yaak-Cropped-Thumbnail.jpg,imgs/yaak_valley_forest_council.jpg
Yellowstone Forever,https://dojmt.gov/wp-content/uploads/plateyellowstonenationalparkThumb.jpg,imgs/yellowstone_forever.jpg
1776 Foundation,https://dojmt.gov/wp-content/uploads/1776foundationThumb.jpg,imgs/x1776_foundation.jpg
American Red Cross Five Rivers District,https://dojmt.gov/wp-content/uploads/plateamericanredcrossThumb.jpg,imgs/american_red_cross_five_rivers_district.jpg
Benefis Mercy Flight,https://dojmt.gov/wp-content/uploads/platebenefismercyflightThumb.jpg,imgs/benefis_mercy_flight.jpg
Big Sky Bravery,https://dojmt.gov/wp-content/uploads/big-sky-braveryThumb.jpg,imgs/big_sky_bravery.jpg
Bird of Pray Foundation,https://dojmt.gov/wp-content/uploads/Bird-of-PreyThumb.jpg,imgs/bird_of_pray_foundation.jpg
Cancer Support Community of Montana,https://dojmt.gov/wp-content/uploads/CancersupportcommunityMTThumb.jpg,imgs/cancer_support_community_of_montana.jpg
Chase Hawks Memorial Association,https://dojmt.gov/wp-content/uploads/ChasehawksThumb.jpg,imgs/chase_hawks_memorial_association.jpg
Chicks n Chaps Inc.,https://dojmt.gov/wp-content/uploads/Chicks-n-ChapsThumb.jpg,imgs/chicks_n_chaps_inc.jpg
Chippewa Cree Business Committee,https://dojmt.gov/wp-content/uploads/chippewa-cree-business-committeeThumb.jpg,imgs/chippewa_cree_business_committee.jpg
Chrome for Kids,https://dojmt.gov/wp-content/uploads/platechromeforkidsThumb.jpg,imgs/chrome_for_kids.jpg
Cody Dieruf Foundation,https://dojmt.gov/wp-content/uploads/CDF-Thumbnail-v3.jpg,imgs/cody_dieruf_foundation.jpg
Compassion Montana,https://dojmt.gov/wp-content/uploads/Compassion-MontanaThumb.jpg,imgs/compassion_montana.jpg
Creating Community Montana,https://dojmt.gov/wp-content/uploads/Creating-Community-MontanaThumb.jpg,imgs/creating_community_montana.jpg
Developmental Educational Assistance Program (DEAP),https://dojmt.gov/wp-content/uploads/Focus-On-Autism-Full.jpg,imgs/developmental_educational_assistance_program_deap.jpg
Dress for Success Billings Inc,https://dojmt.gov/wp-content/uploads/dress-success-billingsThumb.jpg,imgs/dress_for_success_billings_inc.jpg
Eagle Mount Bozeman,https://dojmt.gov/wp-content/uploads/Eagle-Mount-Bozeman1Thumb.jpg,imgs/eagle_mount_bozeman.jpg
Ecology Project International,https://dojmt.gov/wp-content/uploads/Ecology-Project-International-Web-Thumb.jpg,imgs/ecology_project_international.jpg
"Experimental Aircraft Association (EAA) Chapter 517, Inc.",https://dojmt.gov/wp-content/uploads/plateexperimentalaircraftassociationThumb.jpg,imgs/experimental_aircraft_association_eaa_chapter_517_inc.jpg
Flathead County Sheriff’s Posse,https://dojmt.gov/wp-content/uploads/flathead-county-sheriffs-posse-1Thumb.jpg,imgs/flathead_county_sheriff_s_posse.jpg
Friends of Montana PBS,https://dojmt.gov/wp-content/uploads/montana-pbs-thumb.jpg,imgs/friends_of_montana_pbs.jpg
The Frontier Institute,https://dojmt.gov/wp-content/uploads/Frontier_Institute-Thumbnail-v3.jpg,imgs/the_frontier_institute.jpg
Jeannette Rankin Peace Center,https://dojmt.gov/wp-content/uploads/plateJeannetteRankinPeaceCenterThumb.jpg,imgs/jeannette_rankin_peace_center.jpg
Loving H.O.M.E. Foundation,https://dojmt.gov/wp-content/uploads/Loving-Home-Foundation.jpg,imgs/loving_h_o_m_e_foundation.jpg
Montana Concerns of Police Survivors,https://dojmt.gov/wp-content/uploads/MT-Concerns-of-Police-Survivors1Thumb.jpg,imgs/montana_concerns_of_police_survivors.jpg
Montana Family Institute,https://dojmt.gov/wp-content/uploads/Montana-Family-Institute-Full.jpg,imgs/montana_family_institute.jpg
Montana Food Bank Network,https://dojmt.gov/wp-content/uploads/MFBN-UCThumb.jpg,imgs/montana_food_bank_network.jpg
Montana Hope Project,https://dojmt.gov/wp-content/uploads/PlateMTHopeProjectThumb.jpg,imgs/montana_hope_project.jpg
Montana Pilots Association Air Safety & Education Foundation,https://dojmt.gov/wp-content/uploads/montana-pilots-association-air-safetyThumb.jpg,imgs/montana_pilots_association_air_safety_education_foundation.jpg
"Montana Police Protective Association Foundation, Inc.",https://dojmt.gov/wp-content/uploads/montana-police-protective-associationThumb.jpg,imgs/montana_police_protective_association_foundation_inc.jpg
Montana Public Radio (University of Montana Foundation),https://dojmt.gov/wp-content/uploads/MT-Pub-Radio-UM-Fnd1Thumb.jpg,imgs/montana_public_radio_university_of_montana_foundation.jpg
Montana Safety Service Council,https://dojmt.gov/wp-content/uploads/MT-Safety-Service-Council.jpg,imgs/montana_safety_service_council.jpg
Montana State Council of Professional Fire Fighters,https://dojmt.gov/wp-content/uploads/MT-Fire-Council-Final-thumbnail.jpg,imgs/montana_state_council_of_professional_fire_fighters.jpg
Montana State Fire Chiefs’ Association,https://dojmt.gov/wp-content/uploads/platemontanastatefirechiefsassociationThumb.jpg,imgs/montana_state_fire_chiefs_association.jpg
Montana Support Our Troops,https://dojmt.gov/wp-content/uploads/platemontanasupportourtroopsThumb.jpg,imgs/montana_support_our_troops.jpg
Montana Veterans Alliance,https://dojmt.gov/wp-content/uploads/montana-veterans-alliance-thumb.jpg,imgs/montana_veterans_alliance_2.jpg
Neighbor to Neighbor,https://dojmt.gov/wp-content/uploads/plateneighborneighborThumb.jpg,imgs/neighbor_to_neighbor.jpg
One Heart Warriors,https://dojmt.gov/wp-content/uploads/One-Heart-WarriorsThumb.jpg,imgs/one_heart_warriors.jpg
Options Clinic,https://dojmt.gov/wp-content/uploads/Options-Clinic-Thumb-1.jpg,imgs/options_clinic.jpg
Postpartum Resource Group,https://dojmt.gov/wp-content/uploads/Postpartum-Thumbnail-v3.jpg,imgs/postpartum_resource_group.jpg
Project WET Foundation,https://dojmt.gov/wp-content/uploads/project-wet-foundationThumb.jpg,imgs/project_wet_foundation.jpg
The Ramsey Keller Memorial,https://dojmt.gov/wp-content/uploads/Ramsey-Keller.jpg,imgs/the_ramsey_keller_memorial.jpg
Rocky Mountain Medical Foundation,https://dojmt.gov/wp-content/uploads/RMMF-Thumbnail-v2.jpg,imgs/rocky_mountain_medical_foundation.jpg
Search and Assist,https://dojmt.gov/wp-content/uploads/search-assistThumb.jpg,imgs/search_and_assist.jpg
Somers Volunteer Firefighters Association,https://dojmt.gov/wp-content/uploads/Somers-Volunteer-with-Outline-thumbnail.jpg,imgs/somers_volunteer_firefighters_association.jpg
South Kalispell Volunteer Firefighter Association,https://dojmt.gov/wp-content/uploads/South-Kalispell-Volunteer-Firefighter.jpg,imgs/south_kalispell_volunteer_firefighter_association.jpg
Support Montana Firefighters (Eastgate VFD Association),https://dojmt.gov/wp-content/uploads/plateEastGateVolunteerFireDepartmentThumb.jpg,imgs/support_montana_firefighters_eastgate_vfd_association.jpg
Sustainable Montana,https://dojmt.gov/wp-content/uploads/Sustainable-MontanaThumb.jpg,imgs/sustainable_montana.jpg
Sweet Grass Community Foundation,https://dojmt.gov/wp-content/uploads/Sweet-Grass-Comm-FoundationThumb.jpg,imgs/sweet_grass_community_foundation.jpg
Tough Enough to Wear Pink of Montana,https://dojmt.gov/wp-content/uploads/plateToughEnoughToWearPinkThumb.jpg,imgs/tough_enough_to_wear_pink_of_montana.jpg
United Property Owners of Montana,https://dojmt.gov/wp-content/uploads/United-Property-Owners-of-MontanaThumb.jpg,imgs/united_property_owners_of_montana.jpg
USS Montana Committee,https://dojmt.gov/wp-content/uploads/uss-montana-thumb.jpg,imgs/uss_montana_committee.jpg
Veterans Monument Inc.,https://dojmt.gov/wp-content/uploads/veterans-monument-incThumb.jpg,imgs/veterans_monument_inc.jpg
Violence Free Crisis Line,https://dojmt.gov/wp-content/uploads/plateViolenceFreeCrisisLineThumb.jpg,imgs/violence_free_crisis_line.jpg
The Way Home,https://dojmt.gov/wp-content/uploads/The-Way-Home-thumbnail-1.jpg,imgs/the_way_home.jpg
Backcountry Hunters & Anglers,https://dojmt.gov/wp-content/uploads/Back-Country-thumbnail-2.jpg,imgs/backcountry_hunters_anglers.jpg
Baker Baseball Association,https://dojmt.gov/wp-content/uploads/Baker-Baseball-Thumbnail.jpg,imgs/baker_baseball_association.jpg
Beartooth Back Country Horsemen,https://dojmt.gov/wp-content/uploads/plateBackCountryHorsemenThumb.jpg,imgs/beartooth_back_country_horsemen.jpg
Boone and Crockett Club,https://dojmt.gov/wp-content/uploads/Boone-and-CrockettThumb.jpg,imgs/boone_and_crockett_club.jpg
Bridger Ski Foundation,https://dojmt.gov/wp-content/uploads/platebridgerskiThumb.jpg,imgs/bridger_ski_foundation.jpg
Citizens for Balanced Use,https://dojmt.gov/wp-content/uploads/platecitizensbalanceduseThumb.jpg,imgs/citizens_for_balanced_use.jpg
Friends of NRA (The NRA Foundation),https://dojmt.gov/wp-content/uploads/platenra-thumbs.jpg,imgs/friends_of_nra_the_nra_foundation.jpg
Gallatin Ice Foundation,https://dojmt.gov/wp-content/uploads/gallatin-hockey-thumb.jpg,imgs/gallatin_ice_foundation.jpg
Missoula Freestyle Team,https://dojmt.gov/wp-content/uploads/Missoula-Freestyle-Team.jpg,imgs/missoula_freestyle_team.jpg
Missoula Horse Council Big Sky Horse Park,https://dojmt.gov/wp-content/uploads/Missoula-Horsemans-Council-dba-Missoula-Equestrian-Park-Thumb.jpg,imgs/missoula_horse_council_big_sky_horse_park.jpg
Montana Bowhunter Education Foundation,https://dojmt.gov/wp-content/uploads/plateMontanaBowhunterEducationFoundationThumb.jpg,imgs/montana_bowhunter_education_foundation.jpg
Montana Snowmobile Association,https://dojmt.gov/wp-content/uploads/plateMTSnowmobileAssocThumb.jpg,imgs/montana_snowmobile_association.jpg
Montana State Golf Association,https://dojmt.gov/wp-content/uploads/platemontanastategolfassociationThumb.jpg,imgs/montana_state_golf_association.jpg
Montana Youth Sports Association,https://dojmt.gov/wp-content/uploads/mt-youth-sports-thumb-1.jpg,imgs/montana_youth_sports_association.jpg
National Ski Patrol Montana Snowbowl,https://dojmt.gov/wp-content/uploads/plateNationalSkiPatrolThumb.jpg,imgs/national_ski_patrol_montana_snowbowl.jpg
Northeast Montana Fair/Rodeo Committee,https://dojmt.gov/wp-content/uploads/platenortheastmontanafairrodeocommitteeThumb.jpg,imgs/northeast_montana_fair_rodeo_committee.jpg
"Our Montana, Inc.",https://dojmt.gov/wp-content/uploads/Our-Montana-2022-Thumbnail.jpg,imgs/our_montana_inc_2.jpg
Outlaw Baseball Club,https://dojmt.gov/wp-content/uploads/Outlaw-Baseball-Club-Cropped-Thumbnail.jpg,imgs/outlaw_baseball_club.jpg
Richland Youth Hockey,https://dojmt.gov/wp-content/uploads/platerichlandyouthhockey-thumbs.jpg,imgs/richland_youth_hockey.jpg
University of Montana – Grizzly Scholarship Association,https://dojmt.gov/wp-content/uploads/plategrizzlyscholarshipassociationThumb1.jpg,imgs/university_of_montana_grizzly_scholarship_association_2.jpg
A Heart for Horses Inc,https://dojmt.gov/wp-content/uploads/A-Heart-for-Horses.jpg,imgs/a_heart_for_horses_inc.jpg
Backcountry Hunters & Anglers,https://dojmt.gov/wp-content/uploads/Back-Country-thumbnail-2.jpg,imgs/backcountry_hunters_anglers_2.jpg
Bear Creek Council,https://dojmt.gov/wp-content/uploads/Bear-Creek-Council-Thumbnail-v2.jpg,imgs/bear_creek_council.jpg
Beartooth Back Country Horsemen,https://dojmt.gov/wp-content/uploads/plateBackCountryHorsemenThumb.jpg,imgs/beartooth_back_country_horsemen_2.jpg
Bitter Root Humane Association,https://dojmt.gov/wp-content/uploads/bitterroot-humane-association-thumbs.jpg,imgs/bitter_root_humane_association.jpg
Buffalo Field Campaign,https://dojmt.gov/wp-content/uploads/platebuffalofieldcampaignThumb.jpg,imgs/buffalo_field_campaign.jpg
Council on Wildlife and Fish,https://dojmt.gov/wp-content/uploads/Council-on-Wildlife-and-Fish-2023-Redesign-thumbnail-1.jpg,imgs/council_on_wildlife_and_fish.jpg
"Ducks Unlimited, Inc.",https://dojmt.gov/wp-content/uploads/Ducks-Unlimited-2023-Redesign-thumbnail.jpg,imgs/ducks_unlimited_inc.jpg
Ecology Project International,https://dojmt.gov/wp-content/uploads/Ecology-Project-International-Web-Thumb.jpg,imgs/ecology_project_international_2.jpg
Friends of Lee Metcalf National Wildlife Refuge,https://dojmt.gov/wp-content/uploads/platefriendsleemetcalfwildliferefugeThumb.jpg,imgs/friends_of_lee_metcalf_national_wildlife_refuge.jpg
Grizzly & Wolf Discovery Center,https://dojmt.gov/wp-content/uploads/plategrizwolfdc-thumbs.jpg,imgs/grizzly_wolf_discovery_center.jpg
"Heart of the Valley, Inc.",https://dojmt.gov/wp-content/uploads/heart-of-the-valleyThumb.jpg,imgs/heart_of_the_valley_inc.jpg
Humane Society of Northwest Montana,https://dojmt.gov/wp-content/uploads/Humane-Society-of-Northwest-Montana-Thumb.jpg,imgs/humane_society_of_northwest_montana.jpg
Lewis & Clark Humane Society,https://dojmt.gov/wp-content/uploads/platelewisandclarkhumanesocietysmall-thumb.jpg,imgs/lewis_clark_humane_society.jpg
Missoula Horse Council Big Sky Horse Park,https://dojmt.gov/wp-content/uploads/Missoula-Horsemans-Council-dba-Missoula-Equestrian-Park-Thumb.jpg,imgs/missoula_horse_council_big_sky_horse_park_2.jpg
Montana Audubon,https://dojmt.gov/wp-content/uploads/platemontanaaudubon-thumbs.jpg,imgs/montana_audubon.jpg
Montana Council of Trout Unlimited,https://dojmt.gov/wp-content/uploads/platetroutunlimitedThumb.jpg,imgs/montana_council_of_trout_unlimited.jpg
Montana Cutting Horse Association,https://dojmt.gov/wp-content/uploads/Montana-Cutting-Horse-Association_Thumb-Recovered-1.jpg,imgs/montana_cutting_horse_association.jpg
Montana Horse Sanctuary,https://dojmt.gov/wp-content/uploads/platemontanahorsesanctuary-thumbs.jpg,imgs/montana_horse_sanctuary.jpg
Montana Loon Society,https://dojmt.gov/wp-content/uploads/plateMontanaLoonSocietyThumb.jpg,imgs/montana_loon_society.jpg
Montana Raptor Conservation Center,https://dojmt.gov/wp-content/uploads/platemontanaraptorconservationcenterThumb.jpg,imgs/montana_raptor_conservation_center.jpg
Montana Spay/Neuter Task Force,https://dojmt.gov/wp-content/uploads/platespayneuter-thumbs.jpg,imgs/montana_spay_neuter_task_force.jpg
Montana Waterfowl Foundation,https://dojmt.gov/wp-content/uploads/Montana-Waterfowl-Foundation-Thumbnail.jpg,imgs/montana_waterfowl_foundation.jpg
Montana Wild Sheep Foundation,https://dojmt.gov/wp-content/uploads/plateMontanaWildSheepFoundationThumb.jpg,imgs/montana_wild_sheep_foundation.jpg
Montana Wildlife Federation,https://dojmt.gov/wp-content/uploads/Montana-Wildlife-Federation-Thumb.jpg,imgs/montana_wildlife_federation.jpg
Mule Deer Foundation,https://dojmt.gov/wp-content/uploads/Mule-Deer-FoundationThumb.jpg,imgs/mule_deer_foundation.jpg
National Wildlife Federation,https://dojmt.gov/wp-content/uploads/platenationalwildlifefederationThumb.jpg,imgs/national_wildlife_federation.jpg
"Pheasants Forever, Inc.",https://dojmt.gov/wp-content/uploads/platepheasantsforeverThumb.jpg,imgs/pheasants_forever_inc.jpg
Rocky Mountain Elk Foundation,https://dojmt.gov/wp-content/uploads/Rocky-Mtn-Elk-Foundation_Thumb-new-font.jpg,imgs/rocky_mountain_elk_foundation.jpg
Stafford Animal Shelter (Humane Society of Park County),https://dojmt.gov/wp-content/uploads/platestaffordanimalshelter-thumbs.jpg,imgs/stafford_animal_shelter_humane_society_of_park_county.jpg
The Vital Ground Foundation,https://dojmt.gov/wp-content/uploads/platevitalgroundfoundationThumb.jpg,imgs/the_vital_ground_foundation.jpg
Walleyes Unlimited of Montana,https://dojmt.gov/wp-content/uploads/platewalleyesunlimitedThumb.jpg,imgs/walleyes_unlimited_of_montana.jpg
Yellowstone Wildlife Sanctuary,https://dojmt.gov/wp-content/uploads/plateyellowstonewildlifesanctuarysmall-thumb.jpg,imgs/yellowstone_wildlife_sanctuary.jpg
ZooMontana,https://dojmt.gov/wp-content/uploads/Zoo-Montana-Thumbnail.jpg,imgs/zoo_montana.jpg
Montana 4-H Foundation,https://dojmt.gov/wp-content/uploads/platemontana4hThumb.jpg,imgs/montana_4_h_foundation.jpg
"Montana FFA Foundation, Inc.",https://dojmt.gov/wp-content/uploads/MT-FFA-2018-Cropped-Thumbnail.jpg,imgs/montana_ffa_foundation_inc.jpg
Montana Youth Sports Association,https://dojmt.gov/wp-content/uploads/mt-youth-sports-thumb-1.jpg,imgs/montana_youth_sports_association_2.jpg
Youth Overcoming Life’s Obstacles,https://dojmt.gov/wp-content/uploads/Youth-Overcoming-Lifes-Obstacles-Cropped-Thumbnail.jpg,imgs/youth_overcoming_life_s_obstacles.jpg
